Código;Município;Área (km²);Densidade demográfica, 2000;Distância à capital (km);Esperança de vida ao nascer, 2000;Taxa de fecundidade total, 2000;Renda per Capita, 2000;Índice de Gini, 2000;Intensidade da indigência, 2000;Intensidade da pobreza, 2000;Índice de Desenvolvimento Humano Municipal, 2000;Taxa bruta de freqüência à escola, 2000;Taxa de alfabetização, 2000;Média de anos de estudo das pessoas de 25 anos ou mais de idade, 2000;Populacao;QTD_TOTAL_CNPJ_SUPERMERCADO;Variacao_Populacao_1991_a_2000;Percentual_Populacao_65_anos;Percentual_Populacao_Urbana;Populacao por Supermercados;cluster
150010;Abaetetuba (PA);1613.9;73.8;51.18455171;70.77;3.15;102.14;0.59;44.61;51.04;0.706;81.76;80.74;4.28;119152;254.0;0.191651081618978;0.0393447025647911;0.5945598898885457;469.1023622047244;3
290070;Alagoinhas (BA);736.8;175.9;93.32022623;65.34;2.95;181.26;0.6;54.63;50.34;0.729;90.61;85.71;5.82;130095;287.0;0.1129313737232022;0.0615627041777162;0.8642914793035859;453.2926829268293;3
430060;Alvorada (RS);72.9;2516.1;14.83869815;69.98;2.8;214.75;0.45;56.91;40.6;0.768;77.4;94.01;5.86;183968;636.0;0.2951297467017726;0.039370977561315;0.9967222560445296;289.25786163522014;0
350160;Americana (SP);133.9;1359.9;114.560278;72.46;1.96;473.23;0.5;77.52;43.66;0.84;87.15;95.62;6.93;182593;348.0;0.1869019760790431;0.0695755039897476;0.9976231290356148;524.6925287356322;0
150080;Ananindeua (PA);191.4;2053.0;17.74911361;72.19;2.35;187.79;0.54;50.21;44.05;0.782;84.7;94.57;7.01;393569;640.0;0.6100711007110071;0.0280408263862245;0.9976065188061052;614.9515625;0
520110;Anápolis (GO);1078.2;266.8;50.58020377;70.24;2.24;293.89;0.57;50.41;38.41;0.788;84.35;91.17;6.18;288085;967.0;0.203473167960297;0.0496138292517833;0.9725046427269728;297.91623578076525;1
330010;Angra dos Reis (RJ);816.3;146.0;114.1619671;69.14;2.3;275.66;0.55;67.46;48.27;0.772;79.0;91.07;5.93;119247;229.0;0.3935445419593086;0.0396320242857262;0.9585146796145816;520.7292576419214;3
520140;Aparecida de Goiânia (GO);290.1;1157.6;15.91899083;70.16;2.25;201.68;0.47;48.73;37.7;0.764;81.47;91.29;5.68;336392;1132.0;0.8847285175618966;0.0262907560227353;0.9974880496563532;297.1660777385159;0
410140;Apucarana (PR);556.8;193.6;304.054759;73.17;2.03;288.47;0.51;41.86;33.34;0.799;82.28;90.44;5.97;107827;302.0;0.1342569216527813;0.0608938392053938;0.9297207563968208;357.0430463576159;2
280030;Aracaju (SE);181.8;2535.2;0.0;68.72;1.99;352.74;0.64;48.76;45.03;0.794;91.36;89.4;7.53;461534;981.0;0.1471214715875339;0.0480896315331048;1.0;470.4729867482161;0
350280;Araçatuba (SP);1170.5;144.6;468.7514409;74.52;1.79;503.17;0.63;54.48;35.88;0.848;85.35;93.7;7.18;169254;314.0;0.109505798136992;0.0753246599784938;0.9716107152563602;539.0254777070064;2
170210;Araguaína (TO);3920.1;28.8;330.9825693;67.46;2.76;211.51;0.62;53.23;45.06;0.749;88.74;86.59;5.71;113143;699.0;0.2606462395543176;0.0395252026196936;0.93575386899764;161.86409155937054;2
310350;Araguari (MG);2741.0;37.0;462.4720875;73.92;2.04;321.88;0.55;53.03;36.22;0.815;82.02;93.13;6.21;101974;408.0;0.1171192883669467;0.0655363131778688;0.9095259575970346;249.93627450980392;2
270030;Arapiraca (AL);367.5;506.5;101.8724956;64.01;3.31;129.21;0.59;48.71;49.99;0.656;81.08;69.6;3.99;186466;817.0;0.1306383056129905;0.0483787929166711;0.8170604828762348;228.2325581395349;0
350320;Araraquara (SP);1008.6;180.4;250.8341727;72.17;2.35;441.88;0.53;59.37;42.36;0.83;84.96;94.8;7.35;182471;414.0;0.1438180131387594;0.0802867304941607;0.9512141655386336;440.7512077294686;2
350330;Araras (SP);645.1;161.5;152.8807345;74.61;2.0;377.92;0.5;50.85;38.42;0.828;82.34;93.0;6.35;104196;231.0;0.1913696703598257;0.0672866520787746;0.9391915236669354;451.0649350649351;2
350410;Atibaia (SP);479.3;231.7;48.68993286;73.08;2.24;446.24;0.57;64.69;35.36;0.819;75.79;92.0;6.34;111300;265.0;0.2891493699036322;0.067843665768194;0.8703863432165319;420.0;2
520025;Águas Lindas de Goiás (GO);191.9;549.1;145.3901733;68.58;3.72;150.35;0.46;56.31;43.98;0.717;70.02;87.24;4.8;105746;189.0;3.439565053108863;0.0148374406596939;0.998458570536947;559.5026455026455;1
430160;Bagé (RS);5674.1;20.9;310.4581226;72.16;2.22;295.2;0.59;46.72;42.37;0.802;84.88;92.26;6.82;118767;630.0;0.0969014084507042;0.0836090833312283;0.8191669403117028;188.51904761904763;2
310560;Barbacena (MG);790.1;144.2;157.7094753;72.47;1.93;284.79;0.58;37.68;37.74;0.798;83.48;91.47;6.4;114126;290.0;0.1417852212017527;0.0672765189352119;0.908373201549165;393.5379310344828;2
330040;Barra Mansa (RJ);548.9;310.8;106.4588371;72.2;2.01;286.41;0.55;53.27;37.46;0.806;86.74;93.56;6.25;170753;616.0;0.0448848964006411;0.0590502070241811;0.9670928182813772;277.19642857142856;1
290320;Barreiras (BA);11979.5;11.0;708.5418028;63.7;2.76;229.24;0.63;50.44;46.09;0.723;84.77;84.42;5.38;131849;287.0;0.4232405008635578;0.0296020447633277;0.8781560724768486;459.40418118466897;3
350550;Barretos (SP);1568.0;66.2;387.3515975;69.03;1.78;397.62;0.57;56.62;33.79;0.802;82.76;93.6;6.78;103913;256.0;0.0890749785146833;0.0783155139395455;0.9513727830011643;405.91015625;2
350570;Barueri (SP);64.3;3235.3;24.79466427;71.35;2.54;494.29;0.69;76.06;51.67;0.826;82.88;93.36;6.45;208281;312.0;0.6503910428601991;0.0291625256264373;1.0;667.5673076923077;0
350600;Bauru (SP);675.2;467.8;283.4705133;70.46;2.11;500.27;0.59;61.13;44.08;0.825;83.02;94.76;7.45;316064;710.0;0.2104537516468028;0.0725391060038473;0.9822124632985724;445.1605633802817;1
150140;Belém (PA);1070.1;1196.0;0.0;70.5;1.96;313.93;0.65;49.62;43.23;0.806;88.55;94.96;7.68;1280614;3080.0;0.1802937522350312;0.0468954735775182;0.9935499689992456;415.78376623376624;0
330045;Belford Roxo (RJ);80.0;5414.0;24.92370652;67.64;2.32;182.33;0.49;63.99;49.45;0.742;78.01;91.99;5.64;434474;89.0;0.2060045689351273;0.0471903957428983;1.0;4881.730337078651;1
310620;Belo Horizonte (MG);331.9;6718.0;0.0;70.52;1.65;557.44;0.62;55.92;40.64;0.839;87.89;95.38;8.13;2238526;5716.0;0.1080928698257217;0.0622208542585612;1.0;391.62456263121067;0
310670;Betim (MG);346.8;875.4;30.34710063;71.76;2.5;203.22;0.53;58.78;44.41;0.775;82.74;91.45;5.58;306675;366.0;0.7941135174979816;0.0321252139887503;0.972554006684601;837.9098360655738;1
420240;Blumenau (SC);510.3;513.2;91.01678655;74.44;1.84;462.28;0.51;69.45;38.16;0.855;89.16;97.21;7.13;261808;404.0;0.2398853922474011;0.0500634052435372;0.9241237853694312;648.039603960396;1
140010;Boa Vista (RR);5711.9;35.1;0.0;67.11;2.41;299.46;0.58;51.37;42.39;0.779;90.18;91.34;6.73;200568;1437.0;0.4461917843777716;0.0252881815643572;0.9826991344581388;139.57411273486431;2
350750;Botucatu (SP);1486.4;72.7;198.8421277;71.45;1.98;426.18;0.54;52.58;39.69;0.822;83.96;94.39;7.3;108306;178.0;0.1933099018300812;0.0804756892508263;0.9601776448211548;608.4606741573034;2
350760;Bragança Paulista (SP);514.8;242.6;66.91925078;73.08;1.88;397.93;0.55;63.81;40.89;0.82;81.66;92.21;6.44;125031;431.0;0.2518873780964015;0.0705105133926786;0.8885076501027745;290.0951276102088;2
530010;Brasília (DF);5822.1;350.9;0.0;70.37;1.96;605.41;0.64;54.56;42.23;0.844;91.98;94.32;8.25;2051146;5517.0;0.2810903045042952;0.0329211084925207;0.9562941887120664;371.7864781584194;2
260290;Cabo de Santo Agostinho (PE);448.4;340.8;30.93967788;69.02;2.39;132.01;0.57;51.35;49.91;0.707;80.4;79.5;5.08;152977;248.0;0.2042019584999528;0.0429737803722128;0.8791256201912706;616.8427419354839;3
330070;Cabo Frio (RJ);404.0;314.1;121.7455188;70.84;2.2;311.03;0.6;57.11;44.86;0.792;81.07;91.68;6.33;126828;350.0;0.7079601923051027;0.0484356766644589;0.8376462610779954;362.3657142857143;1
430310;Cachoeirinha (RS);43.7;2459.3;15.94803515;72.59;2.37;316.78;0.49;59.52;44.6;0.813;82.87;95.49;6.66;107564;449.0;0.2196156244685072;0.0475716782566658;1.0;239.56347438752783;0
320120;Cachoeiro de Itapemirim (ES);892.9;195.1;99.83970994;68.92;1.93;275.62;0.54;47.32;38.75;0.77;77.85;91.11;5.99;174879;593.0;0.2318632319688933;0.0595325911058503;0.8886201316338725;294.9055649241147;2
290570;Camaçari (BA);762.7;211.3;36.47926037;67.45;2.23;163.15;0.6;52.42;47.57;0.734;86.55;87.65;5.48;161727;322.0;0.4231645825816841;0.0267116807954144;0.9547076245772196;502.2577639751553;3
260345;Camaragibe (PE);48.3;2663.1;11.56314305;70.66;2.18;173.44;0.58;47.09;44.97;0.747;85.48;84.26;5.52;128702;130.0;0.2626880021976512;0.0464017653183322;1.0;990.0153846153846;0
250400;Campina Grande (PB);644.1;549.7;112.972564;63.47;2.25;226.09;0.64;48.07;44.36;0.721;87.45;82.88;6.19;355331;864.0;0.1038415179680898;0.0654291350881291;0.9497735913838083;411.2627314814815;1
350950;Campinas (SP);797.6;1213.5;83.5023372;72.22;1.78;614.86;0.58;74.34;50.06;0.852;87.54;95.01;7.87;969396;1969.0;0.1448608009334657;0.0653685387602177;0.9833112577316184;492.3291010665312;0
500270;Campo Grande (MS);8118.4;81.6;0.0;70.43;2.09;394.71;0.61;51.5;38.35;0.814;86.4;94.01;7.26;663621;2500.0;0.2613347373062726;0.0481991980362285;0.9883864434669788;265.4484;2
330100;Campos dos Goytacazes (RJ);4037.8;100.6;231.9494839;66.8;2.24;247.2;0.58;42.94;38.29;0.752;80.4;89.92;6.17;406989;1564.0;0.0815833532647691;0.068618562172442;0.894807967782913;260.22314578005114;2
430460;Canoas (RS);131.1;2331.9;13.52416787;71.39;2.28;353.17;0.53;58.91;44.7;0.815;84.84;95.64;6.87;306093;1055.0;0.1368018777529358;0.0572832439814043;1.0;290.1355450236967;0
351060;Carapicuíba (SP);35.0;9819.1;20.56375348;71.35;2.02;275.56;0.48;80.62;51.49;0.793;81.58;93.73;6.0;344596;491.0;0.2148162771759247;0.0305894438705034;1.0;701.8248472505092;0
320130;Cariacica (ES);285.8;1133.0;10.50675793;67.16;2.21;215.2;0.52;55.89;43.4;0.75;80.65;91.31;5.72;324285;901.0;0.1819818703368239;0.0452811570069537;0.9651386897327968;359.9167591564928;0
260410;Caruaru (PE);932.0;271.8;123.10058;67.36;2.22;209.76;0.58;48.61;43.14;0.713;75.32;77.41;5.15;253634;428.0;0.1868861050927248;0.0637808811121537;0.8571682030011749;592.6028037383178;3
410480;Cascavel (PR);2065.8;118.6;423.7437588;69.6;2.27;347.01;0.59;58.93;42.78;0.81;95.1;93.01;6.48;245369;887.0;0.2680437411499623;0.0405878493208188;0.9319555445064373;276.62795941375424;2
150240;Castanhal (PA);1029.4;130.6;67.02381438;70.63;2.69;162.25;0.57;43.95;42.05;0.746;81.61;87.29;5.6;134496;252.0;0.3176710329084657;0.0387520818463002;0.9015063645015464;533.7142857142857;3
351110;Catanduva (SP);293.0;361.0;359.7142043;75.38;2.11;385.1;0.53;49.7;39.76;0.833;82.51;92.4;6.41;105847;272.0;0.1659855252866853;0.0864455298685839;0.9850822413483612;389.1433823529412;1
230370;Caucaia (CE);1195.6;209.3;12.65554087;70.83;3.02;129.23;0.56;47.64;48.94;0.721;82.55;81.02;5.1;250479;477.0;0.5171442588992059;0.0372286698685318;0.9026225751460202;525.1132075471698;3
210300;Caxias (MA);5313.2;26.3;279.2894995;59.87;3.04;104.0;0.62;51.85;53.7;0.614;81.35;66.07;3.67;139756;315.0;0.0640374586013932;0.0641188929276739;0.7404691032943129;443.6698412698413;3
430510;Caxias do Sul (RS);1588.4;226.8;96.24501617;74.1;2.01;490.65;0.51;59.89;40.61;0.857;90.72;96.35;7.23;360419;826.0;0.2388725616567844;0.0565064549871122;0.9250095028286522;436.3426150121065;2
420420;Chapecó (SC);625.4;234.3;405.4376281;76.29;2.34;341.64;0.57;48.61;41.39;0.848;97.09;92.89;6.44;146967;466.0;0.33653749965897;0.0411044656283383;0.9157974239114904;315.37982832618025;2
210330;Codó (MA);4246.6;26.1;218.8486387;56.55;3.62;76.65;0.62;55.69;59.36;0.558;76.46;59.38;2.82;111146;262.0;0.0801045644927747;0.0609378655102297;0.6756248537959081;424.2213740458016;3
320150;Colatina (ES);1789.3;62.9;91.91936147;70.72;2.43;272.35;0.57;45.78;37.03;0.773;75.39;89.41;5.64;112711;256.0;0.1285545498237743;0.0641729733566377;0.8100185429993523;440.27734375;3
410580;Colombo (PR);159.1;1152.4;15.89309231;69.25;2.5;236.16;0.47;64.76;41.51;0.764;75.52;92.78;5.51;183329;568.0;0.5567094347312915;0.0318334797004292;0.9543607394356594;322.76232394366195;0
311830;Conselheiro Lafaiete (MG);371.3;275.8;95.33616696;71.23;2.09;258.21;0.53;46.4;41.14;0.793;83.75;94.55;6.39;102836;277.0;0.1546952020570633;0.0584036718658835;0.967705861760473;371.2490974729242;1
311860;Contagem (MG);195.2;2748.0;16.37617324;70.07;2.0;280.59;0.51;55.55;41.85;0.789;81.68;94.38;6.49;538017;1278.0;0.1966889685667767;0.0394597196742853;0.9912883793634774;420.9835680751174;0
351300;Cotia (SP);324.6;456.2;29.48618192;71.69;2.13;431.58;0.62;70.47;51.09;0.826;87.89;92.95;6.42;148987;226.0;0.3865317859901538;0.0381711156006899;1.0;659.2345132743363;1
230420;Crato (CE);1117.5;93.4;402.3737402;67.83;2.75;168.05;0.66;47.3;50.03;0.716;87.62;77.09;5.37;104646;262.0;0.1560666821330327;0.0638055921869923;0.8019131166026413;399.412213740458;3
420460;Criciúma (SC);210.0;810.8;144.5699337;71.17;2.02;407.95;0.56;63.03;38.19;0.822;85.61;95.31;6.75;170420;350.0;0.1607331376301755;0.0435042835347963;0.8980694754136839;486.9142857142857;1
351350;Cubatão (SP);142.6;756.7;44.13081645;68.32;2.3;267.53;0.49;74.86;51.65;0.772;84.5;90.94;6.17;108309;101.0;0.1884326720505618;0.0362296762041935;0.9940171176910506;1072.3663366336634;1
510340;Cuiabá (MT);3984.9;121.1;0.0;69.06;2.02;442.1;0.65;55.48;40.93;0.821;93.44;93.94;7.78;483346;2241.0;0.1999265167708093;0.0366776594820273;0.9859024384188552;215.68317715305668;2
410690;Curitiba (PR);430.9;3682.8;0.0;71.57;1.74;619.82;0.59;64.56;43.76;0.856;90.44;96.63;8.47;1587315;3740.0;0.2070515233434851;0.0569993983550839;1.0;424.4157754010696;0
351380;Diadema (SP);30.7;11608.8;15.39157447;69.93;2.15;292.4;0.49;75.09;50.09;0.79;83.9;93.2;6.17;357064;386.0;0.1696010639169043;0.0323023323549839;1.0;925.0362694300518;0
312230;Divinópolis (MG);711.0;258.4;103.3079195;75.54;2.05;327.64;0.53;56.13;37.52;0.831;85.25;94.22;6.62;183962;297.0;0.2145752730057704;0.0559082854067687;0.9674443635098552;619.4006734006734;3
500370;Dourados (MS);4096.9;40.2;198.264169;70.49;2.3;308.07;0.62;55.27;39.49;0.788;81.28;91.01;6.11;164949;487.0;0.2130030003529828;0.0463900963328059;0.9089354891511922;338.7043121149897;2
330170;Duque de Caxias (RJ);465.7;1655.3;16.80624065;67.49;2.41;226.14;0.53;64.56;48.77;0.753;77.87;92.0;6.05;775456;1660.0;0.161173428209056;0.0516857178228036;0.995964954813684;467.1421686746988;0
351500;Embu (SP);70.3;2941.4;24.69262414;69.99;2.44;244.2;0.48;80.97;53.27;0.772;77.7;92.31;5.57;207663;281.0;0.3312584140008974;0.0241930435368842;1.0;739.0142348754448;0
291080;Feira de Santana (BA);1338.1;359.2;92.54533409;66.83;2.25;206.99;0.62;49.42;47.18;0.74;85.81;86.21;5.98;480949;933.0;0.183300651745492;0.046004877856072;0.8976627459460359;515.486602357985;1
351570;Ferraz de Vasconcelos (SP);28.5;4980.3;27.21021152;70.33;2.4;221.24;0.49;66.26;50.0;0.772;81.96;92.07;5.75;142377;197.0;0.480533660545307;0.0299697282566706;0.991789404187474;722.725888324873;0
420540;Florianópolis (SC);436.5;760.1;0.0;72.81;1.68;701.42;0.57;61.89;43.26;0.875;95.22;96.44;9.26;342315;966.0;0.324835612250032;0.05709069132232;0.970407373325738;354.3633540372671;1
230440;Fortaleza (CE);313.8;6814.0;0.0;69.63;2.16;306.7;0.66;47.42;43.73;0.786;87.71;88.8;6.91;2141402;7435.0;0.2107639950990507;0.0507452594141595;1.0;288.01640887693344;0
410830;Foz do Iguaçu (PR);590.3;437.7;533.2537962;68.28;2.27;326.19;0.58;60.66;44.33;0.788;86.46;92.52;6.41;258543;795.0;0.3598722931996654;0.0286451383328885;0.9921908541325816;325.211320754717;1
351620;Franca (SP);609.0;471.9;343.5153795;73.03;2.26;359.6;0.51;57.5;35.45;0.82;83.21;94.37;6.59;287737;1029.0;0.2344035555860624;0.0556966952460059;0.9807671588985776;279.62779397473275;1
351630;Francisco Morato (SP);49.3;2702.8;31.57856708;68.02;3.77;175.94;0.48;67.58;51.33;0.738;80.09;89.2;4.69;133738;179.0;0.5943017225964118;0.0249742032930057;0.9987811990608504;747.1396648044692;0
351640;Franco da Rocha (SP);134.2;804.7;26.77211816;70.98;2.45;245.63;0.49;72.81;51.84;0.778;81.99;90.41;5.44;108122;143.0;0.264067340854621;0.0381051034942009;0.9285344333253176;756.0979020979021;1
260600;Garanhuns (PE);467.8;251.4;200.0464611;65.84;2.62;167.83;0.62;52.54;51.51;0.693;79.12;75.72;5.07;117749;407.0;0.1394219138580041;0.0648498076416784;0.8784363349157954;289.3095823095823;1
520870;Goiânia (GO);743.0;1467.8;0.0;70.06;1.79;508.3;0.61;56.72;38.87;0.832;90.24;94.82;7.87;1093007;5125.0;0.18827970163825;0.0455953164069397;0.9934117530811788;213.26965853658533;0
312770;Governador Valadares (MG);2355.4;104.8;236.2321554;68.19;2.06;309.18;0.62;47.78;42.78;0.772;81.19;89.53;6.08;247131;657.0;0.0720402214086168;0.0582605986298764;0.9553556615722026;376.1506849315069;2
430920;Gravataí (RS);478.8;485.5;24.94979627;73.59;2.37;288.59;0.49;61.47;43.74;0.811;81.93;94.87;6.36;232629;858.0;0.2849946143011019;0.0471308392332856;0.9119413314762992;271.1293706293706;1
410940;Guarapuava (PR);3160.1;49.0;219.3345751;67.79;2.54;292.11;0.64;51.98;41.32;0.773;83.16;91.26;5.55;155161;719.0;0.1431760579983496;0.0454946797197749;0.9132062825065576;215.80111265646727;2
351840;Guaratinguetá (SP);753.3;138.1;168.3513976;70.64;2.08;401.02;0.58;55.03;39.94;0.818;85.47;95.32;7.36;104219;333.0;0.1328398443444423;0.0661683570174344;0.9514771778658402;312.96996996996995;2
351870;Guarujá (SP);143.0;1854.2;62.75707735;69.93;2.32;308.41;0.53;66.01;47.42;0.788;82.53;91.55;6.04;264812;502.0;0.2597677527389668;0.0419316345180732;0.9997016751506728;527.5139442231076;0
351880;Guarulhos (SP);317.9;3369.9;14.11985556;69.27;2.15;343.91;0.55;74.42;50.64;0.798;84.58;93.7;6.65;1072717;1924.0;0.3634961995068255;0.0360980575491951;0.9785134383066548;557.5452182952183;0
351907;Hortolândia (SP);62.4;2430.6;97.14002864;72.2;2.34;259.1;0.46;70.49;48.7;0.79;80.07;92.4;5.66;152523;138.0;0.7028547823465707;0.035175022783449;1.0;1105.2391304347825;0
312980;Ibirité (MG);73.3;1812.3;25.19326735;68.42;2.61;149.59;0.45;54.46;44.81;0.729;75.09;90.74;4.8;133044;201.0;0.7356659230558491;0.0277126364210336;0.9946709359309702;661.9104477611941;0
291360;Ilhéus (BA);1847.7;120.1;210.186769;66.13;2.21;170.22;0.64;42.29;47.9;0.703;79.65;79.4;4.97;222127;484.0;-0.0209709764858849;0.0499218915305208;0.7298752515452872;458.9400826446281;3
210530;Imperatriz (MA);1538.1;149.8;484.2580806;64.38;2.68;193.11;0.61;44.23;42.4;0.722;89.99;83.99;5.42;230566;926.0;0.0247150063331926;0.041415473226755;0.9484182403303176;248.9913606911447;2
352050;Indaiatuba (SP);311.3;471.7;78.21207254;72.89;1.94;444.93;0.56;67.71;43.38;0.829;82.08;93.7;6.53;147050;233.0;0.4566905733645046;0.0551105066303978;0.9842910574634478;631.1158798283262;1
313130;Ipatinga (MG);166.0;1279.4;153.4831379;72.24;1.96;307.71;0.56;53.5;43.05;0.806;84.62;92.9;6.49;212496;546.0;0.1800809689618978;0.0390407348844213;0.9924657405315864;389.1868131868132;0
330190;Itaboraí (RJ);428.6;436.4;39.87265097;67.5;2.39;202.29;0.52;60.04;46.88;0.737;74.62;89.24;5.19;187479;478.0;0.332265033185998;0.0489334805498215;0.945492561833592;392.2154811715481;1
291480;Itabuna (BA);444.8;441.7;218.0758421;68.95;2.21;207.4;0.64;50.54;47.75;0.748;84.57;84.86;5.71;196675;696.0;0.0615186990290215;0.0583399008516588;0.9720808440320324;282.57902298850576;1
420820;Itajaí (SC);303.6;485.7;77.37115123;73.18;1.93;387.0;0.55;71.61;39.69;0.825;81.67;95.03;6.74;147494;449.0;0.226785773696643;0.0498935549920674;0.9624120303198774;328.4944320712695;1
352220;Itapecerica da Serra (SP);151.8;850.8;28.68518054;70.69;2.44;277.24;0.56;68.36;52.17;0.783;80.95;91.14;5.61;129685;206.0;0.5158971361776739;0.029533099433242;0.9895284728380306;629.5388349514564;1
352230;Itapetininga (SP);1796.2;69.7;144.4029518;69.88;2.4;324.08;0.56;52.25;39.06;0.786;75.34;93.11;6.55;125559;299.0;0.2360359118741508;0.0634602059589515;0.8931020476429408;419.9297658862876;2
352250;Itapevi (SP);91.6;1773.2;30.3563172;69.21;2.91;207.18;0.51;68.2;50.86;0.759;80.27;91.22;5.42;162433;198.0;0.5357044936702877;0.0268295235574052;1.0;820.3686868686868;0
352310;Itaquaquecetuba (SP);82.0;3322.1;30.14237244;67.1;2.94;193.01;0.5;72.13;52.7;0.744;82.27;90.81;5.23;272942;327.0;0.6546251447346885;0.025056605432656;1.0;834.6850152905199;0
352390;Itu (SP);641.6;210.9;74.61258696;71.53;2.25;421.15;0.57;68.7;46.79;0.815;81.06;92.53;6.38;135366;236.0;0.2614011219412191;0.0589143507232244;0.9156065777226188;573.5847457627119;2
260790;Jaboatão dos Guararapes (PE);257.3;2255.7;16.13420925;72.8;2.09;235.53;0.65;51.52;46.21;0.777;80.69;86.8;6.45;581556;1212.0;0.2240964869814141;0.0426648508484135;0.9775051757698312;479.8316831683168;0
352440;Jacareí (SP);461.1;415.0;73.45633941;70.8;2.19;353.95;0.53;60.62;44.16;0.809;85.96;93.97;6.84;191291;325.0;0.1673409857874277;0.0511001563063604;0.9586284770323747;588.5876923076924;1
420890;Jaraguá do Sul (SC);540.0;200.7;133.6756487;74.13;2.02;414.14;0.48;74.4;36.05;0.85;90.94;97.35;6.89;108489;134.0;0.4180827146293004;0.0455530053738167;0.8878319460959175;809.6194029850747;3
352530;Jaú (SP);690.1;162.0;240.9276818;73.74;2.21;401.56;0.5;77.6;32.74;0.819;76.43;92.58;6.37;112104;175.0;0.1911258447022823;0.0806750874188253;0.9562370655819596;640.5942857142857;3
291800;Jequié (BA);3046.7;48.3;196.5242529;65.78;2.36;140.05;0.59;48.1;48.69;0.694;85.49;77.68;4.59;147202;354.0;0.0167850136766778;0.069910734908493;0.8851510169698781;415.82485875706215;3
110012;Ji-Paraná (RO);6922.5;15.4;318.6594229;66.92;2.26;269.38;0.6;55.02;40.41;0.753;78.84;88.6;5.16;106800;597.0;0.0603022059845521;0.0363951310861423;0.8521816479400749;178.89447236180905;2
250750;João Pessoa (PB);210.8;2822.2;0.0;68.22;1.93;334.69;0.63;45.51;41.64;0.783;90.21;87.67;7.53;597934;1353.0;0.2016358520900321;0.055649954677272;1.0;441.9320029563932;0
420910;Joinville (SC);1081.7;396.6;146.6587749;76.57;2.02;407.6;0.54;66.5;43.23;0.857;87.66;96.59;7.18;429604;1197.0;0.2162126200701524;0.0432887030847012;0.9659407268088752;358.90058479532166;1
291840;Juazeiro (BA);6415.4;27.1;450.9531452;61.71;2.48;175.15;0.63;46.62;46.0;0.683;81.39;79.55;5.11;174567;493.0;0.3556811916096516;0.0420583500890775;0.7634776332296482;354.09127789046653;3
230730;Juazeiro do Norte (CE);235.4;900.0;397.7476092;67.76;2.64;147.11;0.61;42.89;46.18;0.697;81.89;75.05;4.43;212133;459.0;0.2222036573983383;0.0667034360519108;0.9533028807399132;462.16339869281046;0
313670;Juiz de Fora (MG);1442.9;309.9;225.3225367;72.03;1.68;419.4;0.58;50.08;36.73;0.828;85.48;95.3;7.39;456796;1000.0;0.1787584220807538;0.0742081804569217;0.9916943230676276;456.796;2
352590;Jundiaí (SP);433.0;745.5;47.51893457;73.94;1.96;549.96;0.54;73.89;46.14;0.857;88.46;94.99;7.13;323397;629.0;0.1179801499642201;0.0733680275327229;0.9282924702455496;514.1446740858505;1
420930;Lages (SC);2651.4;59.0;176.5035668;71.92;2.54;335.45;0.61;50.01;40.93;0.813;88.48;92.79;6.63;157682;453.0;0.1063540175689707;0.0552314151266473;0.9739983003767076;348.083885209713;2
291920;Lauro de Freitas (BA);60.0;1887.6;21.68669035;66.62;2.69;322.43;0.69;53.36;46.89;0.771;83.25;90.57;7.01;113543;216.0;0.6550492682642413;0.0300679037897536;0.95457227658244;525.6620370370371;0
352690;Limeira (SP);582.4;426.9;134.4059644;72.57;1.97;369.12;0.53;62.68;42.92;0.814;79.48;93.75;6.5;249046;609.0;0.1986619819993262;0.0605831854356223;0.9570480955325522;408.9425287356322;1
320320;Linhares (ES);3460.3;32.5;106.8010592;68.12;2.24;258.48;0.61;38.33;36.96;0.757;81.56;87.02;5.24;112617;403.0;0.1117286449027137;0.0477192608575969;0.8250708152410382;279.4466501240695;2
411370;Londrina (PR);1728.7;258.5;303.2840958;71.37;1.9;439.35;0.58;56.67;39.81;0.824;87.28;92.93;7.21;447065;1112.0;0.180603419819106;0.0625524252625457;0.969364633778086;402.03687050359713;2
521250;Luziânia (GO);3975.0;35.4;146.7988558;70.1;2.82;209.95;0.57;57.0;44.43;0.756;79.1;87.97;5.07;141082;894.0;0.7930201819937979;0.0304645525297344;0.9226194695283594;157.80984340044742;2
330240;Macaé (RJ);1218.1;108.0;157.2691502;67.63;2.39;392.94;0.56;58.9;40.58;0.79;82.34;92.12;6.87;132461;321.0;0.408650062743263;0.047417730501808;0.9512762247001004;412.6510903426792;2
160030;Macapá (AP);6562.4;43.1;0.0;67.89;3.25;253.69;0.62;50.37;47.78;0.772;89.38;90.96;6.91;283308;1084.0;0.6822116926146282;0.0273836248888135;0.9552430570262752;261.3542435424354;2
270430;Maceió (AL);512.8;1553.9;0.0;65.03;2.21;282.99;0.68;52.96;48.36;0.739;83.96;83.13;6.56;797759;2976.0;0.2682146314787113;0.0435996334732669;0.9975493852153344;268.0641801075269;0
330250;Magé (RJ);386.6;532.1;32.62626706;67.68;2.42;209.61;0.52;60.2;45.5;0.746;78.86;90.06;5.61;205830;497.0;0.2571076081180947;0.057931302531215;0.9418014866637516;414.14486921529175;1
130260;Manaus (AM);11458.5;122.5;0.0;67.65;2.55;262.4;0.64;59.35;49.67;0.774;85.02;93.91;7.22;1405835;5840.0;0.3898503313392671;0.0310719252259333;0.9935504522223448;240.7251712328767;2
150420;Marabá (PA);15157.9;11.1;440.1121027;65.08;3.38;188.59;0.63;52.94;48.53;0.714;81.8;82.95;5.05;168020;788.0;0.3586376427208331;0.030823711462921;0.7997440780859422;213.2233502538071;2
230765;Maracanaú (CE);98.6;1770.8;20.01973678;70.59;2.62;129.76;0.51;48.95;45.24;0.736;88.82;85.02;5.12;179732;197.0;0.1436898269816928;0.035781051788218;0.9968731222041708;912.3451776649746;0
411520;Maringá (PR);490.9;587.6;349.6838056;72.22;2.11;465.37;0.56;62.1;38.73;0.841;92.27;94.61;7.53;288653;791.0;0.2012593011835599;0.0597845856443549;0.9838040831032416;364.921618204804;1
352900;Marília (SP);1173.1;168.1;369.8523556;71.37;2.21;421.22;0.57;61.24;39.36;0.821;85.78;93.35;6.99;197342;280.0;0.2245933887272027;0.0732484721954779;0.9613716289487286;704.7928571428571;3
352940;Mauá (SP);62.6;5800.5;22.25544946;68.5;2.18;274.82;0.49;72.46;50.6;0.781;85.93;93.36;6.13;363392;413.0;0.2318456396314552;0.0356639661852765;1.0;879.8837772397094;0
353060;Moji das Cruzes (SP);727.1;453.4;45.72500352;68.5;2.15;386.11;0.58;64.87;47.74;0.801;86.1;93.5;7.15;330241;743.0;0.2540670474223045;0.0514715011158517;0.9148349235861084;444.46971736204574;1
314330;Montes Claros (MG);3594.1;85.2;342.615388;72.25;2.06;245.43;0.62;42.68;42.06;0.783;81.5;90.08;6.44;306947;1313.0;0.2274835840711504;0.0429031722088829;0.9421268166817072;233.7753236862148;2
240800;Mossoró (RN);2108.9;100.4;245.5948341;69.32;2.2;179.59;0.59;50.77;45.97;0.735;86.43;80.88;5.72;213841;405.0;0.1122085433277682;0.0538998601764862;0.9309767537562956;528.0024691358025;3
240810;Natal (RN);169.9;4175.5;0.0;68.78;1.99;339.92;0.64;48.37;42.52;0.788;90.33;87.84;7.21;712317;1870.0;0.1728664811552203;0.05493200358829;1.0;380.9181818181818;0
330320;Nilópolis (RJ);19.2;7998.5;23.58757024;67.49;1.95;298.3;0.48;59.79;46.51;0.788;87.35;96.24;7.43;153712;613.0;-0.0277053867368367;0.0727919746018528;1.0;250.7536704730832;0
330330;Niterói (RJ);131.8;3478.5;10.87569968;73.49;1.61;809.18;0.59;66.19;43.93;0.886;95.25;96.45;9.65;459451;757.0;0.0534122043768843;0.0983282221607962;1.0;606.9365918097755;0
280480;Nossa Senhora do Socorro (SE);157.2;831.1;8.569976931;66.67;2.86;114.08;0.5;51.38;47.91;0.696;80.46;84.36;5.46;131679;111.0;0.9486636872169768;0.021172700278708;0.9969623098595828;1186.2972972972973;1
330340;Nova Friburgo (RJ);935.0;185.4;97.90666666;72.26;1.86;366.84;0.55;51.05;35.63;0.81;80.19;92.58;6.23;173418;467.0;0.0379277117086922;0.0741964501954814;0.8756357471542746;371.34475374732335;2
330350;Nova Iguaçu (RJ);559.4;1636.3;29.58690144;67.99;2.17;237.5;0.53;63.56;47.82;0.762;79.67;92.81;6.32;920599;4120.0;0.1966756662251381;0.0538497217572471;1.0;223.44635922330096;0
431340;Novo Hamburgo (RS);216.0;1092.8;40.58498511;70.11;2.18;390.95;0.55;54.8;38.14;0.809;81.72;94.99;6.5;236193;615.0;0.1142650916158738;0.052673025872909;0.9822009966425762;384.0536585365854;0
260960;Olinda (PE);38.1;9675.7;5.76090897;72.32;1.85;257.41;0.61;50.67;45.21;0.792;86.61;90.07;7.26;367902;973.0;0.0845304176849131;0.0600513180140363;0.9800272898761084;378.1109969167523;0
353440;Osasco (SP);65.1;9999.9;15.97925874;71.35;1.94;390.45;0.52;73.73;48.81;0.818;85.5;94.24;6.89;652593;1304.0;0.1529565366411256;0.044746112814572;1.0;500.45475460122697;0
421190;Palhoça (SC);322.7;317.0;12.87322792;74.79;2.72;299.79;0.49;67.97;45.94;0.816;81.1;93.54;6.06;102742;335.0;0.498483169009976;0.0367230538630745;0.9530085067450508;306.6925373134328;1
172100;Palmas (TO);2474.9;55.2;0.0;67.74;2.52;358.05;0.65;59.59;44.64;0.8;92.81;93.67;7.46;137355;645.0;2.6045504644937805;0.0157839175858177;0.9768774343853518;212.95348837209303;2
411820;Paranaguá (PR);807.1;157.6;77.32085333;68.2;2.74;305.36;0.56;52.56;39.04;0.782;80.97;94.06;6.57;127339;341.0;0.3156486341281976;0.0460031883397859;0.9607975561297012;373.42815249266863;2
220770;Parnaíba (PI);432.5;305.7;267.9639334;61.72;2.73;164.77;0.66;43.9;47.52;0.674;81.2;77.33;5.03;132282;403.0;0.1280507563999795;0.063674574016117;0.9448602228572291;328.24317617866006;1
240325;Parnamirim (RN);126.6;975.3;14.71098243;68.27;2.49;263.01;0.6;43.48;42.11;0.76;85.13;85.9;6.85;124690;186.0;0.9832988706855416;0.0357125671665731;0.8752827010987249;670.3763440860215;1
431410;Passo Fundo (RS);759.4;221.8;227.4409505;68.5;2.03;405.65;0.59;58.72;42.83;0.804;85.0;94.36;7.44;168458;570.0;0.1957807165115668;0.0622707143620368;0.9721354877773688;295.54035087719296;2
314800;Patos de Minas (MG);3198.9;38.7;301.9994044;73.94;2.11;306.03;0.54;48.6;32.35;0.813;84.43;92.23;6.08;123881;317.0;0.2033590426048608;0.0561022271373334;0.8987092451626965;390.79179810725554;2
261070;Paulista (PE);102.3;2561.8;12.58738065;74.75;2.04;213.38;0.54;54.21;44.6;0.799;86.94;91.57;7.25;262237;659.0;0.2273622922507359;0.0441165815655304;1.0;397.9317147192716;0
431440;Pelotas (RS);1647.9;196.0;220.454789;71.59;2.2;345.2;0.6;49.4;41.95;0.816;88.98;93.75;6.7;323158;1336.0;0.1237972033565286;0.0830213084621145;0.9316835727415071;241.88473053892216;2
261110;Petrolina (PE);4756.8;45.9;635.6766623;70.36;2.72;201.23;0.64;51.83;48.34;0.747;83.9;82.3;5.49;218538;565.0;0.3456607677245353;0.0368723059605194;0.7608699631185423;386.7929203539823;3
330390;Petrópolis (RJ);776.6;368.7;44.32555896;70.06;2.04;399.93;0.58;52.07;40.87;0.804;79.32;93.61;6.45;286537;464.0;0.1216160145301956;0.0782063049449111;0.9446284424001088;617.5366379310345;1
353800;Pindamonhangaba (SP);731.9;171.8;138.481796;72.25;2.26;332.01;0.56;55.03;45.24;0.815;85.86;94.44;7.02;126026;270.0;0.2347863574458912;0.049624680621459;0.944868519194452;466.7629629629629;2
411915;Pinhais (PR);60.7;1694.7;8.24711978;74.3;2.18;292.98;0.49;68.15;41.45;0.815;82.39;94.16;6.33;102985;104.0;0.6454695064470257;0.0380637956984026;0.9780647667135992;990.2403846153846;0
353870;Piracicaba (SP);1371.8;239.3;138.1218801;72.95;1.91;455.87;0.54;62.86;43.59;0.836;84.05;94.95;6.99;329158;663.0;0.180984159446029;0.0680433105074159;0.964199563735349;496.4675716440422;2
315180;Poços de Caldas (MG);545.7;248.0;348.1086198;75.98;1.81;435.56;0.56;60.54;36.17;0.841;77.25;94.32;6.67;135627;577.0;0.2315955794883901;0.0699197062531796;0.9646014436653468;235.05545927209707;2
411990;Ponta Grossa (PR);2067.9;132.2;96.69832422;70.89;2.37;318.22;0.57;52.59;41.1;0.804;84.64;94.29;6.58;273616;902.0;0.1808859579463453;0.0567218291327992;0.9746615694988596;303.34368070953434;2
431490;Porto Alegre (RS);496.1;2741.2;0.0;71.48;1.79;709.88;0.61;59.13;42.99;0.865;92.22;96.55;8.96;1360590;4534.0;0.0868217698246982;0.0835556633519282;0.9707105005916552;300.08601676224083;0
110020;Porto Velho (RO);34209.5;9.8;0.0;64.81;2.63;305.21;0.62;58.2;45.25;0.763;85.94;91.78;6.83;334661;2894.0;0.3848308794928454;0.0285811612348017;0.8178694260759395;115.639599170698;2
315250;Pouso Alegre (MG);545.3;195.5;337.7322833;73.2;2.14;391.12;0.57;53.33;39.33;0.826;84.68;93.7;6.91;106776;216.0;0.304755853169754;0.0567730576159436;0.9155240878099948;494.3333333333333;2
354100;Praia Grande (SP);143.9;1332.9;56.13790705;68.96;2.31;377.92;0.56;74.39;50.72;0.796;80.37;93.51;6.62;193582;377.0;0.5675671298545655;0.0636836069469268;1.0;513.4801061007958;0
354140;Presidente Prudente (SP);563.6;335.5;511.7198644;73.58;1.95;482.62;0.59;66.9;42.47;0.846;89.58;93.81;7.36;189186;549.0;0.1432283483599623;0.0705126172126901;0.9790840759887096;344.60109289617486;2
330414;Queimados (RJ);78.0;1560.0;41.17171136;66.41;2.51;183.0;0.49;62.18;46.55;0.732;77.93;90.72;5.63;121993;23.0;0.1938211318465166;0.0491831498528604;1.0;5304.04347826087;3
261160;Recife (PE);218.7;6501.8;0.0;68.62;1.81;392.46;0.68;49.38;44.77;0.797;89.24;89.45;7.64;1422905;3910.0;0.0859723153971847;0.0650964048899961;1.0;363.9143222506394;0
330420;Resende (RJ);1116.2;94.8;135.8716985;70.0;2.0;365.45;0.57;43.5;37.61;0.809;89.13;93.11;7.07;104549;393.0;0.2352927275949665;0.0551607380271451;0.9178758285588576;266.0279898218829;2
315460;Ribeirão das Neves (MG);154.6;1595.0;14.78080376;71.38;2.71;159.14;0.45;54.23;41.97;0.749;75.46;90.63;4.78;246846;430.0;0.7159600425434298;0.0294880208713124;0.994146147800653;574.060465116279;0
354330;Ribeirão Pires (SP);99.4;1049.7;29.0422319;69.93;2.0;362.72;0.52;69.43;44.16;0.807;85.35;94.55;6.95;104508;146.0;0.2282776047481929;0.0481207180311555;1.0;715.8082191780821;1
354340;Ribeirão Preto (SP);652.2;774.3;289.6674298;74.4;1.89;539.84;0.56;67.79;46.67;0.855;84.21;95.56;7.78;504923;1084.0;0.170903820511334;0.0700522653949216;0.9957161785064256;465.7961254612546;1
120040;Rio Branco (AC);9962.4;25.4;0.0;66.82;2.43;264.43;0.62;49.84;45.24;0.754;85.93;86.0;5.98;253059;1332.0;0.3717347585930257;0.0375485558703701;0.8942499575197879;189.98423423423424;2
354390;Rio Claro (SP);499.9;336.2;157.8508836;71.34;2.71;467.38;0.54;60.47;39.41;0.825;81.09;94.9;7.04;168218;386.0;0.2192890899075121;0.0811209264169113;0.9718163335671568;435.7979274611399;2
330455;Rio de Janeiro (RJ);1264.2;4627.9;0.0;70.26;1.87;596.65;0.62;65.02;46.9;0.842;88.62;95.59;8.42;5857904;7970.0;0.068810794399617;0.0911971244322201;1.0;734.9942283563363;0
431560;Rio Grande (RS);2835.8;65.9;237.3480413;68.63;2.54;318.37;0.57;52.44;43.86;0.793;89.47;93.02;6.28;186544;808.0;0.0819037013838142;0.0790644566429367;0.9606741573033708;230.87128712871288;2
521880;Rio Verde (GO);8415.4;13.9;216.8466674;73.16;2.36;339.81;0.6;54.29;36.21;0.807;84.6;88.41;5.72;116552;596.0;0.2985427158072997;0.0452244491729013;0.9101431120873088;195.55704697986576;2
510760;Rondonópolis (MT);4179.3;35.9;183.8441966;70.67;2.27;294.33;0.59;60.83;44.47;0.791;88.28;89.38;6.01;150227;666.0;0.2196620957855339;0.0416569591351754;0.9441578411337508;225.56606606606607;2
315670;Sabará (MG);304.4;376.3;17.35815472;70.69;2.41;214.34;0.49;49.59;41.28;0.773;82.32;92.01;5.8;115352;192.0;0.2854022732337864;0.044619945904709;0.9769574866495596;600.7916666666666;1
292740;Salvador (BA);709.5;3440.3;0.0;69.64;1.69;341.32;0.66;54.28;46.31;0.805;89.78;93.72;7.72;2443107;4156.0;0.1761222497371533;0.0455763910463192;0.9995886385655642;587.8505774783446;0
354580;Santa Bárbara d'Oeste (SP);272.2;623.6;118.7553378;73.8;2.2;325.31;0.45;69.8;41.43;0.819;84.34;93.73;5.96;170078;224.0;0.1708039045612874;0.0519879114288738;0.987294065076024;759.2767857142857;1
431680;Santa Cruz do Sul (RS);617.1;174.2;120.4363607;69.67;2.03;386.21;0.54;44.53;39.56;0.817;91.01;95.29;6.82;107632;317.0;0.145545302638441;0.0714006986769733;0.8713579604578564;339.5331230283912;2
315780;Santa Luzia (MG);234.4;788.1;12.15723407;69.46;2.52;192.36;0.47;55.07;42.44;0.754;76.83;92.21;5.52;184903;292.0;0.3415780881552694;0.0358620465865886;0.9962412724509608;633.2294520547945;1
431690;Santa Maria (RS);1825.2;133.4;251.3484641;74.01;2.04;429.25;0.57;50.36;39.8;0.845;89.64;95.04;7.77;243611;933.0;0.1715897504953543;0.0753578450890969;0.9469851525587925;261.10503751339763;2
251370;Santa Rita (PB);765.6;150.9;12.68089808;67.37;3.3;105.07;0.51;49.82;48.71;0.659;75.22;70.69;4.07;115844;258.0;0.2269920455869425;0.0545474949069438;0.8673302026863713;449.0077519379845;3
150680;Santarém (PA);24422.5;10.8;697.6552588;70.28;2.52;139.9;0.62;52.51;51.81;0.746;88.52;88.34;5.43;262538;623.0;0.0869428412920534;0.0443440568603402;0.709600134075829;421.40930979133225;3
354780;Santo André (SP);175.2;3701.2;16.30094211;70.61;2.0;512.87;0.53;75.16;53.14;0.835;88.59;95.55;7.57;649331;1103.0;0.0524156754312461;0.0697194497105482;1.0;588.6953762466002;0
354850;Santos (SP);280.9;1487.3;55.2226636;72.27;1.57;729.62;0.54;74.3;52.89;0.871;92.62;96.44;8.76;417983;919.0;0.0445266327639848;0.1122557615979597;0.9946505001399578;454.8237214363439;0
432000;Sapucaia do Sul (RS);58.0;2115.1;23.0932222;73.59;2.21;271.38;0.46;59.08;42.73;0.806;81.12;94.49;6.09;122751;395.0;0.1703389426514754;0.0448061522920383;0.9923585143909216;310.7620253164557;0
354870;São Bernardo do Campo (SP);407.1;1720.5;17.76101981;69.93;1.95;505.45;0.56;72.58;53.51;0.834;91.93;95.02;7.69;703177;789.0;0.2404051558230566;0.0444781328171996;0.9825648449821311;891.2256020278834;0
354880;São Caetano do Sul (SP);15.4;9100.3;12.01603479;78.18;1.56;834.0;0.5;77.19;50.66;0.919;98.57;97.01;8.75;140159;301.0;-0.0626007397053217;0.1160824492183876;1.0;465.6445182724253;0
354890;São Carlos (SP);1143.9;168.7;213.1538302;73.08;2.42;456.25;0.52;67.91;38.23;0.841;89.61;94.36;7.4;192998;500.0;0.2198001529506197;0.0739852226447942;0.950439900931616;385.996;2
330490;São Gonçalo (RJ);251.3;3540.9;17.88699208;69.51;1.9;268.79;0.49;60.89;43.44;0.782;80.57;94.19;6.71;891119;2107.0;0.142706377783933;0.0607012082561363;1.0;422.9326056003797;0
330510;São João de Meriti (RJ);34.9;12881.4;20.07557461;69.65;2.27;233.12;0.48;63.08;46.08;0.774;80.01;94.28;6.4;449476;1464.0;0.0556729892994372;0.0574980644127828;1.0;307.0191256830601;0
421660;São José (SC);114.9;1473.0;8.032119745;75.32;1.87;427.58;0.49;60.06;38.61;0.849;86.3;95.53;7.55;173559;601.0;0.3127722981967809;0.0429075991449593;0.9865809321325888;288.783693843594;0
211120;São José de Ribamar (MA);436.1;246.1;27.8693421;64.84;2.73;129.59;0.62;50.36;51.47;0.7;81.19;87.09;6.16;107384;300.0;0.3055011853382774;0.0342136631155479;0.2537156373388959;357.94666666666666;1
354980;São José do Rio Preto (SP);434.1;824.4;414.1563184;71.31;1.73;512.01;0.56;66.23;41.18;0.834;85.55;94.61;7.33;358523;820.0;0.2741504431697834;0.0722798816254466;0.94077367421337;437.22317073170734;1
354990;São José dos Campos (SP);1102.2;488.9;86.71163336;73.89;2.06;470.02;0.58;67.32;48.92;0.849;89.2;95.42;7.68;539313;867.0;0.2191446074552976;0.0437779174616595;0.9877696254308722;622.0449826989619;1
412550;São José dos Pinhais (PR);931.7;219.2;13.65787934;70.85;2.52;311.29;0.52;65.75;42.8;0.796;79.31;94.31;6.11;204316;513.0;0.6030442116825547;0.0364141819534446;0.8974627537735664;398.2768031189084;2
431870;São Leopoldo (RS);107.0;1807.5;31.37177502;68.99;2.16;370.06;0.55;54.77;40.79;0.805;86.3;95.22;6.88;193547;604.0;0.1976695977178642;0.0507525303931344;0.9966313091910493;320.4420529801325;0
211130;São Luís (MA);831.7;1043.3;0.0;69.19;2.0;252.13;0.65;45.38;44.31;0.778;84.95;92.69;7.72;870028;3413.0;0.3054995776019495;0.0383435935395182;0.9627092461392048;254.9159097568122;0
355030;São Paulo (SP);1528.5;6808.1;0.0;70.66;1.88;610.04;0.62;74.59;51.19;0.841;85.48;95.11;7.81;10434252;22185.0;0.081323535401091;0.0642863522943475;0.9404782441520484;470.3291413116971;0
355100;São Vicente (SP);148.8;2034.1;52.36799226;69.93;2.31;330.52;0.52;73.51;51.93;0.798;83.94;93.69;6.81;303551;574.0;0.1300471301253081;0.0575158704797546;0.9995453811715328;528.8344947735192;0
320500;Serra (ES);552.7;583.5;21.34327019;67.32;2.29;233.94;0.53;57.42;44.23;0.761;85.52;91.68;6.18;321181;919.0;0.4457323166395088;0.0333052079668473;0.9951429256400596;349.48966267682266;1
316720;Sete Lagoas (MG);539.0;341.9;49.48445641;70.56;1.95;281.65;0.58;45.42;35.23;0.791;82.53;93.67;6.35;184871;287.0;0.2837015845681669;0.0499050689399635;0.977898101919717;644.1498257839721;3
231290;Sobral (CE);2129.0;72.9;200.4045401;68.3;3.19;151.57;0.63;44.33;47.29;0.699;81.69;73.56;4.67;155276;348.0;0.2196206260063622;0.054715474381102;0.8662510626239728;446.1954022988506;3
355220;Sorocaba (SP);450.2;1098.7;83.90467915;71.64;2.14;448.22;0.55;61.99;44.62;0.828;83.86;95.34;7.13;493468;1000.0;0.3020057729956782;0.0596026490066225;0.9863375132734038;493.468;0
355240;Sumaré (SP);153.4;1278.1;103.2587803;73.3;2.2;291.61;0.47;72.3;51.79;0.8;78.13;92.06;5.68;196723;497.0;0.4327759246041573;0.0402749043070713;0.9858379548908872;395.8209255533199;0
355250;Suzano (SP);195.0;1171.5;33.11191591;67.76;2.69;290.18;0.57;63.28;46.68;0.775;83.27;92.17;6.14;228690;382.0;0.3557704278540896;0.039219030128121;0.96822335913245;598.6649214659686;0
355280;Taboão da Serra (SP);20.5;9632.2;13.34148886;71.69;1.88;357.0;0.54;81.02;53.16;0.809;80.25;94.03;6.52;197644;362.0;0.2346268209190174;0.0327609236809617;1.0;545.9779005524862;0
355410;Taubaté (SP);627.4;389.1;124.6523613;72.73;2.14;460.87;0.57;62.32;43.89;0.837;85.12;95.18;7.52;244165;465.0;0.1797405358393931;0.059611328404972;0.9413920914135931;525.0860215053764;1
293135;Teixeira de Freitas (BA);1157.4;92.7;524.0301825;63.7;2.73;198.56;0.63;48.59;45.84;0.698;80.89;78.66;4.37;107486;152.0;0.2564555156814383;0.0474759503563254;0.9181474796717712;707.1447368421053;3
316860;Teófilo Otoni (MG);3253.4;39.7;337.3729907;69.76;2.76;210.25;0.61;43.36;44.53;0.742;81.02;81.65;5.26;129424;624.0;-0.0045609420306574;0.0718336629991346;0.7943812584991964;207.4102564102564;2
221100;Teresina (PI);1679.8;425.2;0.0;69.06;2.05;250.69;0.65;40.57;42.61;0.766;89.33;85.9;6.6;715360;3068.0;0.1960261756120069;0.0419998322522925;0.9470336613732946;233.1681877444589;1
330580;Teresópolis (RJ);772.4;178.1;59.93828438;70.06;2.04;366.61;0.58;47.2;35.21;0.79;78.93;89.63;5.94;138081;290.0;0.1439163608347347;0.0690319450177794;0.8342784307761386;476.1413793103448;2
211220;Timon (MA);1720.5;74.7;328.0090451;64.35;2.73;104.17;0.53;46.1;46.82;0.655;78.56;74.88;4.26;129692;173.0;0.2071221809584973;0.04735835672208;0.8718039663202048;749.664739884393;3
317010;Uberaba (MG);4529.7;55.4;415.8002628;73.93;1.77;400.4;0.57;53.56;35.86;0.834;86.37;93.73;6.89;252051;673.0;0.2083850708344319;0.0699461616894993;0.9687364858699232;374.518573551263;2
317020;Uberlândia (MG);4115.9;121.5;463.8198141;73.11;1.89;389.32;0.56;60.34;37.7;0.83;86.97;94.55;7.13;501214;1479.0;0.3654787623855435;0.049216502332337;0.975595254721536;338.8870858688303;2
432240;Uruguaiana (RS);5713.6;22.2;565.1153258;70.21;2.59;290.12;0.61;52.96;41.02;0.788;79.63;93.94;6.78;126936;730.0;0.1216003675755916;0.0553034600113443;0.9338406756160584;173.8849315068493;2
317070;Varginha (MG);396.6;273.0;246.179055;74.0;2.04;382.27;0.57;54.32;33.48;0.824;80.84;92.9;6.91;108998;289.0;0.2383040603485491;0.0546799023835299;0.955659736875906;377.15570934256056;2
510840;Várzea Grande (MT);904.7;237.5;6.852621708;71.4;2.91;247.12;0.54;53.38;40.8;0.79;88.89;91.02;6.2;215298;827.0;0.3301495119238848;0.0319696420774925;0.9814443236815948;260.3361547762999;1
432300;Viamão (RS);1494.2;151.7;20.6108279;75.01;2.72;253.87;0.5;57.91;41.89;0.808;80.39;93.64;6.19;227429;833.0;0.258732240800084;0.0548522835698173;0.930453020503102;273.02400960384153;2
320520;Vila Velha (ES);218.8;1576.5;4.946674888;69.05;1.89;443.8;0.57;55.39;42.17;0.817;89.01;94.7;7.8;345965;1072.0;0.3074178907628762;0.054040148569942;0.996126775829925;322.7285447761194;0
320530;Vitória (ES);89.0;3279.7;0.0;70.74;1.69;667.68;0.61;52.77;43.31;0.856;93.36;95.48;9.05;292304;842.0;0.1295594276152827;0.061802096447534;1.0;347.1543942992874;0
293330;Vitória da Conquista (BA);3216.0;81.6;327.6898265;64.79;2.07;204.9;0.63;46.37;45.76;0.708;80.01;80.22;4.87;262494;1000.0;0.166168349689681;0.0538259922131553;0.859238687360473;262.494;2
261640;Vitória de Santo Antão (PE);345.7;350.8;45.66343896;66.53;2.55;129.29;0.57;49.7;48.6;0.663;69.2;72.46;4.34;117609;247.0;0.10071316262354;0.0601909717793706;0.8446802540621892;476.1497975708502;1
330630;Volta Redonda (RJ);182.8;1328.4;101.0839181;70.8;2.0;348.17;0.53;58.81;43.56;0.815;89.53;94.93;7.36;242063;665.0;0.0906096813725489;0.0630579642489765;0.9997232125521042;364.0045112781955;0
